{
	"name": "DBLP_sample",
	"elements": [
		{ "data": { "id": "DBLP.P", "label": "Paper", "attributes": [ { "name": "id", "type": "numeric" } , { "name": "year", "type": "numeric" } ] } },
		{ "data": { "id": "DBLP.A", "label": "Author", "attributes": [ { "name": "id", "type": "numeric" } , { "name": "name", "type": "string" } ] } },
		{ "data": { "id": "DBLP.V", "label": "Venue", "attributes": [ { "name": "id", "type": "numeric" } , { "name": "name", "type": "string" } ] } },
		{ "data": { "source": "DBLP.P", "target": "DBLP.P" } },
		{ "data": { "source": "DBLP.A", "target": "DBLP.P" } },
		{ "data": { "source": "DBLP.V", "target": "DBLP.P" } }
	]
}

