{
	"name": "H2020",
	"elements": [
                { "data": { "id": "DBLP.C", "label": "Cordis-Project", "attributes": [ { "name": "id", "type": "numeric" } , { "name": "name", "type": "string" }, { "name": "programme", "type": "string" } ] } },
                { "data": { "id": "DBLP.O", "label": "Organization", "attributes": [ { "name": "id", "type": "numeric" } , { "name": "name", "type": "string" } ] } },
		{ "data": { "id": "DBLP.P", "label": "Paper", "attributes": [ { "name": "id", "type": "numeric" } , { "name": "year", "type": "numeric" } ] } },
		{ "data": { "id": "DBLP.A", "label": "Author", "attributes": [ { "name": "id", "type": "numeric" } , { "name": "name", "type": "string" } ] } },
		{ "data": { "id": "DBLP.V", "label": "Venue", "attributes": [ { "name": "id", "type": "numeric" } , { "name": "name", "type": "string" } ] } },
		{ "data": { "id": "DBLP.T", "label": "Topic", "attributes": [ { "name": "id", "type": "numeric" } , { "name": "name", "type": "string" } ] } },
                { "data": { "source": "DBLP.O", "target": "DBLP.A" } },
		{ "data": { "source": "DBLP.P", "target": "DBLP.P" } },
		{ "data": { "source": "DBLP.A", "target": "DBLP.P" } },
		{ "data": { "source": "DBLP.T", "target": "DBLP.P" } },
		{ "data": { "source": "DBLP.V", "target": "DBLP.P" } },
                { "data": { "source": "DBLP.C", "target": "DBLP.P" } }
	]
}

