id	aminer_id	name
3	100062975	Computer Animation and Virtual Worlds
4	1001063841	Künstliche Intelligenz
5	100142436	IEEE Transactions on Broadcasting
19	100601982	Communications in Mathematical Physics
21	100611479	Journal of Mathematical Cryptology
27	100835903	IEEE Transactions on Computer-Aided Design of Integrated Circuits and Systems
42	10169007	Knowledge Based Systems
45	101766102	Mathematical Structures in Computer Science
48	101949793	Sensors
52	102129144	First Monday
60	102439543	Mathematics of Computation
75	103047102	Optimization Methods & Software
78	103225281	NeuroImage
79	1032290579	Computers in Education
82	103321696	European Journal of Operational Research
86	103482838	Communications of The ACM
90	103671469	Discrete and Computational Geometry
107	104274287	Geoinformatica
121	104780363	IEEE Transactions on Affective Computing
129	104924063	Computational Biology and Chemistry
131	105046310	ACM Transactions on Design Automation of Electronic Systems
135	105243760	Applied Physics Letters
144	105500771	Planetary and Space Science
168	106148199	Cluster Computing
173	106296714	Lecture Notes in Computer Science
193	106992369	Journal of Computer Security
202	107325288	Social Choice and Welfare
206	107516304	BMC Medical Informatics and Decision Making
207	107631664	Integrated Computer-aided Engineering
213	107925523	Journal of Combinatorial Optimization
215	107976061	Sociologia
220	108408918	International Journal of Biomedical Imaging
229	10892749	IEEE Transactions on Instrumentation and Measurement
235	109223824	The Prague Bulletin of Mathematical Linguistics
236	109302362	Measurement Science and Technology
238	10936095	IEEE Transactions on Vehicular Technology
248	109852484	Empirical Software Engineering
250	10995576	Ipsj Transactions on Computer Vision and Applications
255	110189822	Journal of Data and Information Quality
257	110206669	Multimedia Tools and Applications
260	110346167	British Journal of Educational Technology
266	110615584	International Journal on Digital Libraries
267	11065456	Concurrency and Computation: Practice and Experience
283	111160002	Magnetic Resonance in Medicine
285	111326731	IEEE Transactions on Geoscience and Remote Sensing
296	111872859	International Journal of Geographical Information Science
298	11189987	Electronic Colloquium on Computational Complexity
301	1119484956	Simulation of Adaptive Behavior
317	1120507025	Foundations and Practice of Security
319	1120693805	Computational Intelligence
327	1121242901	International Colloquium on Theoretical Aspects of Computing
329	1121344769	Ad Hoc Networks
331	112141509	Advanced Engineering Informatics
338	1121756369	Haifa Verification Conference
340	1121935577	Metadata and Semantics Research
344	1122238926	Privacy in Statistical Databases
345	1122308263	Workshop on Information Security Applications
353	1123077274	Soft Computing
355	1123338449	Asian Conference on Intelligent Information and Database Systems
358	1123496967	Foundations of Software Technology and Theoretical Computer Science
360	1123621769	Conference on Multimedia Modeling
367	1124077590	European Conference on Computer Vision
373	1124356716	Computational Methods in Systems Biology
378	1124547647	Integration of AI and OR Techniques in Constraint Programming
399	1126322613	International Conference on Multimedia and Expo
402	1126517753	International Conference on Electronic Publishing
406	1126706392	International Joint Conference on Natural Language Processing
413	1127098075	Cryptographic Hardware and Embedded Systems
420	1127419992	International Conference on Human-Computer Interaction
425	1127759574	Artificial Intelligence in Medicine in Europe
435	1128163780	International Conference on Computer Safety, Reliability, and Security
438	11282291	Journal of Real-time Image Processing
442	1128498849	Unifying Theories of Programming
450	1129075963	Human-Robot Interaction
452	1129324708	Medical Image Computing and Computer-Assisted Intervention
453	1129385027	International Conference on Information Systems Security
462	1129775427	Tests and Proofs
465	1130177464	Symposium on Discrete Algorithms
472	1130464007	Automated Technology for Verification and Analysis
482	1130985203	Knowledge Discovery and Data Mining
495	1131589359	Measurement and Modeling of Computer Systems
497	1131603458	International Symposium on Distributed Computing
507	1131830996	Australasian Conference on Information Security and Privacy
512	113222589	Cognition, Technology & Work
524	1132689015	Symposium on Geometry Processing
527	1132800348	Electronic Government
529	1133014621	Scandinavian Conference on AI
535	1133365479	International Conference on Formal Engineering Methods
539	1133508372	Latin American Symposium on Theoretical Informatics
540	1133523790	Very Large Data Bases
546	1133776791	Computer Science Symposium in Russia
551	1134069326	Conference on Advanced Information Systems Engineering
558	1134440762	Conference on Automated Deduction
559	1134465752	Distributed Applications and Interoperable Systems
577	1135237122	ACM Multimedia
582	1135455702	Trust and Trustworthy Computing
589	1135668280	International Conference on Information and Communication Security
591	1135705775	Parallel, Distributed and Network-Based Processing
598	113611870	Environmental Modelling and Software
599	1136152680	Computer Supported Collaborative Learning
605	1136617647	Artificial Intelligence Applications and Innovations
607	1136691831	International Conference on Supercomputing
613	1136861413	European Symposium on Programming
614	1136921216	Computing and Combinatorics Conference
619	1137516283	Advances in Databases and Information Systems
620	1137528458	Theory of Cryptography Conference
622	1137552346	Static Analysis Symposium
626	1137793517	Passive and Active Network Measurement
627	1137823534	Asia and South Pacific Design Automation Conference
628	1137827009	Architectures for Networking and Communications Systems
630	1137878512	International Conference on Conceptual Structures
637	1138732554	Conference on Object-Oriented Programming Systems, Languages, and Applications
645	1139008316	International Conference on Cloud Computing and Services Science
650	1139274412	International Conference on Image Analysis and Processing
657	1140000399	Genetic and Evolutionary Computation Conference
658	1140059087	Pacific Conference on Computer Graphics and Applications
664	1140213147	Theory and Application of Cryptographic Techniques
675	1140680567	Intelligent Systems in Molecular Biology
679	1140961231	Intelligent Information Systems
690	114165292	Logic Journal of The Igpl / Bulletin of The Igpl
694	1141821850	International Colloquium on Automata, Languages and Programming
703	1142381819	Text, Speech and Dialogue
704	114241109	IEEE Intelligent Systems
708	1142642735	Quantitative Evaluation of Systems
711	1142743330	SIAM International Conference on Data Mining
714	1142809651	Field and Service Robotics
715	1143040027	The Practice of Enterprise Modeling
719	1143279144	Intelligent Robots and Systems
726	1143723981	International Conference on Computer Communications
729	114379355	Logical Methods in Computer Science
734	1143959562	Symposium on Computational Geometry
737	1144120221	New Trends in Software Methodologies, Tools and Techniques
740	1144363157	Computer Analysis of Images and Patterns
755	1145073645	Theory and Applications of Satisfiability Testing
764	1145706541	International Conference on Concurrency Theory
772	1146416605	Trust and Privacy in Digital Business
775	1146600191	Foundations of Software Science and Computation Structure
776	1146606187	International Conference on Persuasive Technology
784	114739668	Simulation Modelling Practice and Theory
803	1148330047	Knowledge Acquisition, Modeling and Management
811	1148878455	Business Information Systems
830	115004586	Computer Communications
839	1150440332	Network and System Security
853	1151209843	Intelligent Virtual Agents
855	115173108	IEEE Transactions on Circuits and Systems for Video Technology
868	1152238068	Business Process Management
873	1152462849	ACM Special Interest Group on Data Communication
879	1152618017	Performance Evaluation of Wireless Ad Hoc, Sensor, and Ubiquitous Networks
890	115304631	IEEE Transactions on Image Processing
892	1153382799	IEEE International Conference on High Performance Computing, Data, and Analytics
894	1153395238	International Conference on Web-Based Learning
895	1153467564	Joint Conference on Knowledge-Based Software Engineering
898	1153524033	International Cryptology Conference
904	1154039276	European Symposium on Algorithms
914	1154752525	Ubiquitous Intelligence and Computing
921	1155500043	Machine Vision Applications
922	1155608529	International Semantic Web Conference
926	1155899826	International Conference on Parallel Processing
929	115606517	Frontiers in Neurorobotics
937	1156338894	Articulated Motion and Deformable Objects
967	1158589615	International Conference on Service Oriented Computing
972	1158833223	International Conference on Artificial Neural Networks
977	1159071770	Tools and Algorithms for Construction and Analysis of Systems
979	1159170270	IEEE International Conference on Cloud Computing Technology and Science
980	115925768	Journal of Global Optimization
991	1159717609	International Conference on Multimedia Retrieval
999	1160032607	Symposium on Principles of Programming Languages
1004	1160211978	Applied Cryptography and Network Security
1005	1160213847	International Symposium on Computers and Communications
1011	116045149	Journal of Instrumentation
1012	1160491194	Provable Security
1013	1160604004	Internet Measurement Conference
1021	1161181142	Computer Games
1026	1161606401	International Conference on Computer Vision Systems
1033	1161953916	European Conference on Technology Enhanced Learning
1036	1162100051	Product Focused Software Process Improvement
1040	11622463	Journal of Biomedical Informatics
1042	1162361837	International Work-Conference on Artificial and Natural Neural Networks
1043	1162450063	Computer Aided Verification
1049	1162793720	International Conference on Functional Programming
1056	1163163559	International Conference on Image Processing
1059	1163264588	European Conference on Parallel Processing
1063	1163286138	Developments in Language Theory
1066	1163450153	Human Factors in Computing Systems
1067	1163494139	Workshop on Internet and Network Economics
1069	1163618098	IEEE Symposium on Security and Privacy
1070	1163686456	Mathematical Foundations of Computer Science
1074	1163902177	International Conference on Robotics and Automation
1084	1164321581	International Conference on Computer Graphics and Interactive Techniques
1096	1164963593	Language Resources and Evaluation
1101	1165225649	Computer Recognition Systems
1102	1165285842	International Conference on Database Theory
1109	116571295	Medical Image Analysis
1115	1165841369	Workshop on Graph-Theoretic Concepts in Computer Science
1118	1165958984	Computer Science Logic
1119	1166012910	Computer Algebra in Scientific Computing
1128	1166511975	Automated Software Engineering
1133	1166923268	International Conference on Natural Language Generation
1141	116775814	Computers and Electronics in Agriculture
1156	1168542559	Data and Knowledge Engineering
1158	1168666102	International Conference on Case-Based Reasoning
1160	1168671587	Adaptive Agents and Multi-Agents Systems
1164	1168863100	The Internet of Things
1172	116921146	Sport Psychologist
1177	1169379829	Requirements Engineering: Foundation for Software Quality
1181	1169721244	Computer Assisted Radiology and Surgery
1184	116977442	IEEE Transactions on Circuits and Systems I-regular Papers
1185	1169806927	Formal Methods
1202	1170695740	Systems, Man and Cybernetics
1204	1170788073	Working Conference on Virtual Enterprises
1218	1171345118	Ubiquitous Computing
1222	117153874	ACM Transactions on Computational Logic
1229	1171876160	Cryptology and Network Security
1233	1171980720	Scandinavian Conference on Image Analysis
1250	1173393762	European Conference on Computer Systems
1254	1173644570	Computer Information Systems and Industrial Management Applications
1257	1173770489	Software Engineering and Knowledge Engineering
1258	1173792781	Security and Cryptography for Networks
1260	1173897633	Privacy Enhancing Technologies
1261	1173951661	North American Chapter of the Association for Computational Linguistics
1272	117438558	Journal of The London Mathematical Society-second Series
1273	1174403976	International Conference on Software Engineering
1276	1174644639	Asian Conference on Computer Vision
1278	1174688487	International Symposium on Object/Component/Service-Oriented Real-Time Distributed Computing
1284	117494069	Numerical Algorithms
1285	1174979956	European Conference on Modelling Foundations and Applications
1287	1175089206	International Conference on Management of Data
1289	1175198016	IEEE-RAS International Conference on Humanoid Robots
1297	1175727152	International Symposium on Algorithms and Computation
1300	1175927799	Visual Communications and Image Processing
1303	1176077016	International Conference / Workshop on Embedded Computer Systems: Architectures, Modeling and Simulation
1304	1176104424	International Conference on Cryptology in India
1305	1176128511	Medical Informatics Europe
1307	1176219363	International Joint Conference on Automated Reasoning
1313	1176514135	International Conference on Conceptual Modeling
1315	117679221	SIAM Journal on Discrete Mathematics
1316	117679522	International Journal of Applied Mathematics and Computer Science
1324	1177184315	European Conference on Object-Oriented Programming
1326	117727964	IEEE Journal of Selected Topics in Applied Earth Observations and Remote Sensing
1327	1177287137	Conference of the International Speech Communication Association
1331	1177357382	Interactive Theorem Proving
1333	1177469577	Innovative Mobile and Internet Services in Ubiquitous Computing
1335	1177537908	Machine Learning and Data Mining in Pattern Recognition
1346	1178070762	Symposium on Theoretical Aspects of Computer Science
1353	1178330879	Design, Automation, and Test in Europe
1354	1178622071	Grid Computing
1374	1179814642	International Workshop on OpenMP
1376	1180003657	European Semantic Web Conference
1384	1180274659	Network and Distributed System Security Symposium
1388	1180389419	European Conference on Computer Supported Cooperative Work
1392	1180547793	Verification, Model Checking and Abstract Interpretation
1399	1180662882	International Conference on Machine Learning
1400	1180700458	Portuguese Conference on Artificial Intelligence
1421	1182309694	Decision Support Systems
1422	1182313844	International Conference on Image Analysis and Recognition
1437	118357697	Brain
1438	1183580825	International Conference on Neural Information Processing
1441	1183679797	European Symposium on Research in Computer Security
1442	1183852906	Theorem Proving with Analytic Tableaux and Related Methods
1443	1183877910	Smart Card Research and Advanced Application Conference
1446	1184048318	International Workshop on Security
1447	1184093072	Integer Programming and Combinatorial Optimization
1452	1184527398	Language and Automata Theory and Applications
1459	1184914352	National Conference on Artificial Intelligence
1482	1186729694	International Conference on Web Engineering
1501	1187615537	Fundamental Approaches to Software Engineering
1503	1187669966	International Conference on Legal Knowledge and Information Systems
1509	1187904452	Design Automation Conference
1512	1188071776	Conference on Algebra and Coalgebra in Computer Science
1516	1188440540	Social Informatics
1520	1188587990	Conference of the European Chapter of the Association for Computational Linguistics
1522	1188726732	Applied Reconfigurable Computing
1523	1188739475	Meeting of the Association for Computational Linguistics
1543	118992489	Journal of the ACM
1545	1190039108	Advances in Computing and Communications
1547	1190088697	Virtual Reality Software and Technology
1557	1190659448	Signal Processing Systems
1558	1190684087	Hybrid Artificial Intelligence Systems
1561	1190910084	Symposium on the Theory of Computing
1572	119153320	Journal of Decision Systems
1580	1191904734	International Conference on Computational Science and Its Applications
1581	1191926394	Graph Drawing
1589	1192551523	Service-Oriented Computing and Applications
1591	1192655580	Empirical Methods in Natural Language Processing
1592	1192664773	Database and Expert Systems Applications
1593	1192710661	Modeling Analysis and Simulation of Wireless and Mobile Systems
1594	1192710900	International Symposium on Circuits and Systems
1622	1194640161	Principles of Security and Trust
1628	1194858622	Computational Intelligence Methods for Bioinformatics and Biostatistics
1633	1195049314	Conference on Computer Supported Cooperative Work
1634	119508283	D-lib Magazine
1646	1195800536	Parallel Computing
1649	1195960517	International Congress on Mathematical Software
1657	119630662	Computer Standards & Interfaces
1662	1196619169	Network-Based Information Systems
1689	1197908299	Ambient Intelligence
1691	1198121106	Recent Advances in Intrusion Detection
1699	1198471430	Computer and Communications Security
1704	1198780418	Conference on Decision and Control
1730	1200067787	Web Intelligence
1737	1200368810	International Conference on Security and Cryptography
1742	1200543359	Runtime Verification
1746	1200891582	Computational Models of Argument
1748	1201110412	International Conference on Logic Programming
1751	1201250571	Intelligent Data Analysis
1767	1202207742	International Work-Conference on the Interplay Between Natural and Artificial Computation
1776	1203052477	Euromicro Conference on Real-Time Systems
1782	120348307	Procedia Computer Science
1784	1203599204	Grid Economics and Business Models
1793	1203999783	International Joint Conference on Artificial Intelligence
1794	120411249	Swarm Intelligence
1806	120629676	IEEE Signal Processing Letters
1808	120683614	Security and Communication Networks
1817	120977877	IEEE Signal Processing Magazine
1823	121167460	IEEE Instrumentation & Measurement Magazine
1827	121340289	Computers & Electrical Engineering
1830	121371512	Order
1846	121920818	Data Mining and Knowledge Discovery
1851	122199241	Software - Practice and Experience
1855	122441808	Advances in Mathematics
1858	122567160	International Journal on Software Tools for Technology Transfer
1859	12266929	Journal of Functional Programming
1862	122814990	Artificial Intelligence Review
1865	123019304	Neural Networks
1868	123144817	Journal of Cognitive Neuroscience
1879	123849098	Behaviour & Information Technology
1903	124867444	International Journal of Computer Mathematics
1905	124973578	Acta Numerica
1906	1250476	Journal of Internet Services and Applications
1910	12529635	Computers & Security
1913	125501549	Applied Artificial Intelligence
1919	125754415	Proceedings of the National Academy of Sciences of the United States of America
1929	12613394	Information-an International Interdisciplinary Journal
1931	126154059	International Journal of Distributed Systems and Technologies
1937	12647387	Optimization Letters
1949	126920919	IEEE Geoscience and Remote Sensing Letters
1956	127154787	Robotics
1965	127660348	Journal of Systems Architecture
1975	128025751	Speech Communication
1983	128250343	Formal Aspects of Computing
1987	128556326	Journal of Combinatorial Theory, Series A
1998	129219326	Cryptography and Communications
2007	129573059	International Journal of Human-computer Studies / International Journal of Man-machine Studies
2008	129640837	International Journal of Systems Science
2018	129839026	Journal of the American Medical Informatics Association
2024	130014885	Theory of Computing Systems / Mathematical Systems Theory
2034	130252234	Transportation Science
2038	130363450	IEEE Transactions on Learning Technologies
2047	130699561	Technology Analysis & Strategic Management
2053	13096939	Ethics and Information Technology
2054	131000621	IEEE Intelligent Transportation Systems Magazine
2062	131231701	ACM Transactions on The Web
2065	131276044	Journal of Nonlinear Science
2066	131312518	Journal of Artificial Societies and Social Simulation
2068	13144211	Expert Systems With Applications
2079	132210109	International Journal of Game Theory
2081	132261465	IEEE Robotics & Automation Magazine
2085	132362803	Computational Statistics & Data Analysis
2094	133078663	Cognitive Computation
2095	133117437	International Journal of Critical Infrastructure Protection
2101	133363738	IEEE Transactions on Control Systems and Technology
2106	133646729	Microelectronics Reliability
2108	133768115	Robotics and Autonomous Systems
2109	133795288	IEEE Transactions on Dependable and Secure Computing
2113	133905466	Journal of Multivariate Analysis
2117	134177497	IEEE Transactions on Fuzzy Systems
2133	134668137	Nucleic Acids Research
2145	135086714	Journal of Information Technology
2146	135184319	ACS Photonics
2148	135221619	Computer Aided Geometric Design
2167	136038430	Mathematics in Computer Science
2172	136160450	ACM Transactions in Embedded Computing Systems
2190	137030581	IEEE Transactions on Multimedia
2191	137042341	Physical Review X
2197	137348503	ACM Transactions on Algorithms
2200	137436721	Graphical Models /graphical Models and Image Processing /computer Vision, Graphics, and Image Processing
2205	137519996	Electronic Markets
2210	137773608	Nature
2216	137972303	The Journal of Geometric Mechanics
2217	138031900	Journal of Software: Evolution and Process
2231	138959710	Computer Methods and Programs in Biomedicine
2233	138962964	Foundations and Trends in Electronic Design Automation
2238	139179957	Sigact News
2243	1393328	Inverse Problems
2248	139349430	Distributed Computing
2249	139392130	Integration
2258	139930977	Journal of Artificial Intelligence Research
2262	140218187	Journal of Grid Computing
2268	140556538	Applied Soft Computing
2275	140962798	Neural Processing Letters
2277	140982614	Pervasive and Mobile Computing
2278	141020589	Journal of Computer and System Sciences
2282	14112155	Pamm
2302	142305363	Computer Physics Communications
2303	142323794	IEEE Journal on Emerging and Selected Topics in Circuits and Systems
2311	142627899	ACM Transactions on Software Engineering and Methodology
2312	142665794	Theory of Computing
2328	143568823	Library Hi Tech
2341	144091109	Autonomous Robots
2347	144363146	The Information Society
2355	144620930	IEEE Transactions on Robotics
2360	144771191	IEEE Transactions on Intelligent Transportation Systems
2377	145445665	Ai & Society
2380	145507837	Industrial and Corporate Change
2385	145649206	Intelligent Service Robotics
2389	145843112	Finite Elements in Analysis and Design
2391	145894672	Telecommunication Systems
2403	146447972	Journal of Semantics
2412	146764194	IEEE Wireless Communications
2420	147316732	IEEE Communications Letters
2432	147751515	International Journal of Computers Communications & Control
2437	147897268	Neural Computing and Applications
2438	147953040	Information Processing Letters
2441	148121101	New Journal of Physics
2444	148277943	SAGE Open
2447	148521650	International Journal of Parallel Programming
2448	148523156	Physical Communication
2450	148561398	Scientometrics
2451	148709879	Journal of Computational Physics
2455	14881475	Science and Engineering Ethics
2457	148906134	Applied Categorical Structures
2463	149131268	Journal of Economic Theory
2466	14920484	Filomat
2474	149828480	Natural Computing
2479	150190834	Photonic Network Communications
2488	150671403	Computers & Chemical Engineering
2503	151299380	Journal of Field Robotics
2513	151550017	Journal of Scientific Computing
2518	151639445	Foundations of Computational Mathematics
2523	151820558	Pattern Recognition Letters
2534	152111507	Mobile Information Systems
2544	152600803	Siam Journal on Imaging Sciences
2547	15272795	International Journal of Emerging Technologies in Learning (ijet)
2562	153281200	Applied Mathematical Modelling
2571	153560523	SIAM Journal on Computing
2576	153767265	Eurasip Journal on Image and Video Processing
2584	154343897	PLOS Biology
2589	154533451	IEEE Transactions on Engineering Management
2592	154637859	Signal Processing
2601	155002599	Informatik Spektrum
2604	155225502	International Journal for Numerical Methods in Fluids
2609	155526855	Computational Linguistics
2610	155547894	Genomics, Proteomics & Bioinformatics
2616	155760987	Information Technology
2628	156274416	Nature Physics
2632	156498152	Advances in Human-computer Interaction
2641	156904493	Signal, Image and Video Processing
2646	157146593	Journal of Parallel and Distributed Computing
2652	157655868	Sprachwissenschaft
2655	157670870	IEEE Transactions on Computers
2659	157921468	ACM Computing Surveys
2665	158124317	ACM Transactions on Storage
2667	158189712	Procesamiento Del Lenguaje Natural
2668	158241587	Journal of Mathematical Physics
2678	158511090	Journal of Electronic Imaging
2683	158797327	IEEE Communications Magazine
2694	159433931	Computer Applications in Engineering Education
2701	159544283	Linear Algebra and its Applications
2715	160107561	Siam Review
2721	160466889	Minds and Machines
2722	160628929	User Modeling and User-adapted Interaction
2732	161120620	Journal of Philosophical Logic
2733	161160597	Siam Journal on Applied Dynamical Systems
2735	161185981	EPL
2739	161464388	Journal of Intelligent Manufacturing
2769	163019073	Ai Magazine
2774	163326656	ACM Transactions on Mathematical Software
2779	163424111	Journal of Discrete Algorithms
2786	163634330	Sustainable Cities and Society
2792	164062316	International Journal of Information Security
2797	164201770	IET Software
2803	164566984	Physical Review A
2807	164884734	Annales Des Télécommunications
2808	164898596	Journal of Applied Logic
2809	164906323	Advances in Applied Mathematics
2821	16540516	Advances in Engineering Software
2823	165473669	Journal of Computational and Applied Mathematics
2824	165512578	SIAM Journal on Scientific Computing
2825	165542689	Computational Geometry: Theory and Applications
2826	165559636	International Journal of Human-computer Interaction
2829	165651092	International Journal for Numerical Methods in Engineering
2845	16632050	ACM Transactions on Autonomous and Adaptive Systems
2852	166722454	Education and Information Technologies
2859	166929102	Iet Computer Vision
2878	16776775	Argument & Computation
2882	167943036	Journal of Statistical Mechanics: Theory and Experiment
2899	168680287	IEEE Transactions on Signal Processing
2904	168738021	International Journal of Social Robotics
2915	169174478	Journal on Data Semantics
2923	169411308	Fuzzy Sets and Systems
2926	16958353	SIAM Journal on Matrix Analysis and Applications
2935	169988927	Journal of the Operational Research Society
2946	170502224	ACM Transactions on Sensor Networks
2962	171169652	International Journal of Applied Earth Observation and Geoinformation
2972	17147961	International Journal of Cooperative Information Systems
2979	171741597	Discrete Applied Mathematics
2993	172276550	Journal of Biomedical Semantics
2995	172351290	Mathematical Logic Quarterly
2998	172477885	Annals of Pure and Applied Logic
3000	172526255	Finance and Stochastics
3009	172897590	The Journal of Object Technology
3014	173077093	Mathematical Programming Computation
3015	173102057	Journal of Communications and Networks
3019	173256270	Computers & Operations Research
3022	173339282	Isprs Journal of Photogrammetry and Remote Sensing
3026	173500210	Rapid Prototyping Journal
3028	173527311	IEEE Transactions on Network and Service Management
3043	174003050	At-automatisierungstechnik
3047	17421805	Computer-aided Design
3051	174662166	Journal of Electrical and Computer Engineering
3053	174847851	Information Processing and Management
3062	175310385	International Journal of Communication Systems
3069	175567911	International Journal of Semantic Computing
3070	1757003	Ingénierie Des Systèmes D'information
3082	176185422	ACM Communications in Computer Algebra
3084	176211327	Journal of Robotics
3087	176303223	Ai Communications
3089	17643076	IEEE Computer Architecture Letters
3097	177062229	Scholarpedia
3101	177220781	Bell Labs Technical Journal
3107	177430994	Image and Vision Computing
3113	177675236	Journal of Symbolic Logic
3137	178776955	Optics Express
3138	178780388	International Journal on Artificial Intelligence Tools
3140	178916657	IEEE Computer
3144	179157397	Journal of Intelligent and Fuzzy Systems
3153	179816892	Frontiers in Neuroinformatics
3173	180838163	Journal of Cheminformatics
3175	18088403	Natural Language Engineering
3184	181240966	International Journal on Semantic Web and Information Systems
3191	181408163	International Journal of Computer Assisted Radiology and Surgery
3241	183285281	Advances in Computers
3243	183337005	Adaptive Behavior
3248	183492911	Proceedings of SPIE
3249	183498172	Journal of The Franklin Institute-engineering and Applied Mathematics
3251	18360026	Parallel Processing Letters
3256	183885566	Real-time Systems
3278	184777250	IEEE Transactions on Industrial Informatics
3283	184954342	IEEE Transactions on Automatic Control
3285	185008460	Computer Vision and Image Understanding
3298	185367456	ACM Transactions on Graphics
3309	185806230	IEEE Transactions on Circuits and Systems
3328	186357190	Future Generation Computer Systems
3334	186584794	IEEE Network
3367	187806540	Chaos
3369	187991544	Journal of Applied Physics
3372	188076996	Archive for Mathematical Logic
3381	18902827	Discrete Mathematics
3382	18904315	Journal of Symbolic Computation
3385	189188848	Journal of Networks
3420	19032547	BMC Bioinformatics
3425	190629608	Algorithms
3426	190680769	International Journal of Computational Intelligence Systems
3430	190787756	Symmetry
3434	190936789	Journal of Cryptology
3457	191798613	Networks
3463	192071280	Journal of Computational Science
3472	192584203	Advanced Robotics
3474	192650101	Information Sciences
3481	192843772	Journal of Information Processing
3482	192894947	Mobile Networks and Applications
3483	193006928	Information Systems
3492	193368155	Journal of Graph Theory
3496	193514341	International Journal of Law and Information Technology
3500	193624734	IEEE Transactions on Aerospace and Electronic Systems
3509	193995496	Computational Complexity
3513	194044894	International Journal of Theoretical Physics
3524	194662844	Food Quality and Preference
3530	194867674	International Journal of Reconfigurable Computing
3537	195231649	Entropy
3545	195663827	Microprocessors and Microsystems
3547	195809937	Ecological Informatics
3555	19610489	ACM Transactions on Multimedia Computing, Communications, and Applications
3557	196139623	Artificial Intelligence
3564	196647941	IEEE Transactions on Communications
3565	196734849	Scientific Reports
3567	19681352	Journal of Low Power Electronics
3568	196821226	Computers & Industrial Engineering
3583	197665576	International Journal of Neural Systems
3585	19778766	Frontiers in Computational Neuroscience
3593	1980519	The Astrophysical Journal
3600	198285748	Multidimensional Systems and Signal Processing
3604	1983995261	PeerJ
3609	198714478	ACM Journal on Computing and Cultural Heritage
3615	198823948	Computerized Medical Imaging and Graphics
3620	198914822	Earth Science Informatics
3622	199067057	Journal of Zhejiang University Science C
3624	199162493	International Journal of Digital Earth
3628	199497470	IEEE Transactions on Audio, Speech, and Language Processing
3634	199944782	IEEE Transactions on Pattern Analysis and Machine Intelligence
3653	200807567	Journal of Electronic Testing
3683	201710173	Government Information Quarterly
3686	201800618	Health Informatics Journal
3687	201849197	Numerische Mathematik
3694	20211220	Journal of Web Semantics
3700	202349295	ACM Sigcas Computers and Society
3701	202381698	PLOS ONE
3702	202403813	Reliability Engineering & System Safety
3709	20257348	The Journal of Experimental Biology
3727	203348814	SIAM Journal on Numerical Analysis
3733	203549655	Discrete Optimization
3741	204030396	Computers in Human Behavior
3745	204131793	Ksii Transactions on Internet and Information Systems
3746	204223317	IEEE Transactions on Services Computing
3748	204369148	International Journal of Embedded Systems
3752	204585504	International Journal of Network Management
3759	204851967	European Journal of Combinatorics
3761	205010575	Information & Software Technology
3762	205019203	ACM Transactions on Computation Theory
3769	205292342	Journal of Informetrics
3773	205498627	Wireless Networks
3775	205722375	ACM Sigweb Newsletter
3782	205899252	IEEE Internet Computing
3786	206124708	Organization Science
3787	20631277	Rairo-operations Research
3798	206927758	Computer-aided Civil and Infrastructure Engineering
3799	206928812	Journal of Visual Languages and Computing
3803	207023548	Neural Computation
3811	207319443	Complexity
3833	21029587	Science of Computer Programming
3835	21117631	Journal of Computational Chemistry
3837	21279965	Journal on Multimodal User Interfaces
3839	21401918	European Journal of Control
3851	21752972	Networks and Heterogeneous Media
3853	2181302	Artificial Life
3855	22130598	Computer Science - Research and Development
3857	22283869	Topics in Cognitive Science
3860	2232857946	International Conference of the IEEE Engineering in Medicine and Biology Society
3864	2243649203	International Conference on Multimedia Communications
3865	22443479	IEEE Embedded Systems Letters
3880	23117883	Interacting with Computers
3890	235346	Wireless Communications and Mobile Computing
3896	23688054	IEEE Communications Surveys and Tutorials
3903	24077076	Review of Symbolic Logic
3907	24191132	IEEE Pervasive Computing
3915	24688465	Physica D: Nonlinear Phenomena
3917	2475775703	Journal of Reliable Intelligent Environments
3922	2476799526	IEEE Transactions on Human-Machine Systems
3931	2480266640	IEEE Internet of Things Journal
3932	2480581173	Progress in Artificial Intelligence
3934	2480748589	Vehicular Communications
3935	24807848	Physical Review Letters
3939	2482923289	IET Biometrics
3940	2483040032	IEEE Consumer Electronics Magazine
3944	2484188435	IEEE Transactions on Cognitive Communications and Networking
3946	2484352698	IEEE Transactions on Network Science and Engineering
3950	2485505216	Computational Social Networks
3951	2485537415	IEEE Access
3952	24861202	Enterprise Information Systems
3954	2486411021	Data Science and Engineering
3962	2488537894	IEEE Transactions on Cognitive and Developmental Systems
3964	2489169438	R Journal
3971	2490693980	IEEE Transactions on Computational Social Systems
3975	2491400915	IEEE Transactions on Big Data
3976	2491565770	Big Data Research
3977	2492086750	ACM Transactions on Intelligent Systems and Technology
3978	2492266406	Journal of Ambient Intelligence and Smart Environments
3980	2492498579	IEEE Transactions on Cloud Computing
3986	2493627025	IEICE Transactions on Communications
3996	2495854775	IEEE Journal of Biomedical and Health Informatics
3998	2496055428	International Journal of Multimedia Information Retrieval
3999	2496326734	IEEE Transactions on Emerging Topics in Computing
4001	2497301593	ACM Transactions on Modeling and Performance Evaluation of Computing
4010	2498964232	Light-Science & Applications
4011	2499224501	IEEE Cloud Computing
4014	2500088085	European Physical Journal Plus
4016	2500830676	IEEE Wireless Communications Letters
4024	2502544478	IEEE Transactions on Control of Network Systems
4026	2502731256	Dynamic Games and Applications
4029	2503711797	ACM Transactions on Spatial Algorithms and Systems
4031	2504380752	EPJ Data Science
4035	2505707916	Wiley Interdisciplinary Reviews-Data Mining and Knowledge Discovery
4041	2508752	Business Process Management Journal
4052	2531583244	Journal of Complex Networks
4054	2532200668	Symposium on Large Spatial Databases
4057	2533150121	Public Key Cryptography
4061	2534597628	USENIX Annual Technical Conference
4063	2535638237	International Conference on the Theory and Application of Cryptology and Information Security
4068	2537396833	Association for Information Science and Technology
4075	255146	Synthese
4076	25538012	International Journal of Computer Vision
4078	25615441	Robot
4083	25720340	Telematics and Informatics
4097	2595047959	arXiv: Information Theory
4100	2595095599	Frontiers in Robotics and AI
4101	2595101014	arXiv: Distributed, Parallel, and Cluster Computing
4102	2595104227	arXiv: Computer Science and Game Theory
4105	2595130627	arXiv: Emerging Technologies
4107	2595145149	arXiv: Algebraic Geometry
4113	2595199528	arXiv: Quantum Physics
4114	2595227562	arXiv: Logic in Computer Science
4118	2595279629	arXiv: Logic
4120	2595313807	arXiv: Numerical Analysis
4126	2595377729	arXiv: Neurons and Cognition
4129	2595428313	arXiv: Software Engineering
4130	2595449451	arXiv: Data Structures and Algorithms
4144	2595726554	arXiv: Physics and Society
4145	2595770078	arXiv: Cryptography and Security
4149	2595826760	arXiv: Multimedia
4150	2595836090	arXiv: Numerical Analysis
4154	2595899084	arXiv: Human-Computer Interaction
4157	2595940331	arXiv: Symbolic Computation
4168	2596149232	Frontiers in Digital Humanities
4169	2596175017	Frontiers in ICT
4174	2596326592	arXiv: Instrumentation and Methods for Astrophysics
4181	2596401190	arXiv: Computation and Language
4186	2596500785	arXiv: Artificial Intelligence
4189	2596519289	arXiv: Robotics
4193	2596562499	arXiv: Combinatorics
4194	2596565815	arXiv: Computers and Society
4196	2596626993	arXiv: Rings and Algebras
4199	2596676198	arXiv: Computational Complexity
4200	2596689286	arXiv: Computational Physics
4203	2596710496	arXiv: Neural and Evolutionary Computing
4208	2596733100	arXiv: Adaptation and Self-Organizing Systems
4210	2596747816	arXiv: Systems and Control
4214	2596828805	arXiv: Earth and Planetary Astrophysics
4215	2596830251	arXiv: Graphics
4232	2597137192	arXiv: Networking and Internet Architecture
4233	2597149478	arXiv: Optimization and Control
4235	2597173376	arXiv: Learning
4236	2597175965	arXiv: Computer Vision and Pattern Recognition
4241	2597296116	arXiv: Formal Languages and Automata Theory
4246	2597365278	arXiv: Machine Learning
4247	2597368653	arXiv: Programming Languages
4257	26056741	ACM Transactions on Architecture and Code Optimization
4265	2606870472	Financial Cryptography
4270	26186134	Social Networks
4394	2622769968	International Symposium on System-on-Chip
4428	2623113034	International Conference on Big Data
4430	2623119252	International Symposium on Nanoscale Architectures
4437	2623176867	Availability, Reliability and Security
4481	2623670486	International Conference on Intelligent Transportation Systems
4522	2624183508	Complex, Intelligent and Software Intensive Systems
4545	2624407689	International Conference on Software, Telecommunications and Computer Networks
4571	2624631009	International Symposium on Temporal Representation and Reasoning
4644	2625663801	Information Integration and Web-based Applications & Services
4647	2625725954	Digital Government Research
4676	2626098776	Web Science
4695	2626333002	Annual Symposium on Computer-Human Interaction in Play
4754	2627069240	International Conference on Electronic Commerce
4768	2706111989	International Conference on Computational Science
4774	2724687765	Conference on Computational Natural Language Learning
4779	2729999759	Transactions of the Association for Computational Linguistics
4781	27332288	Open Systems & Information Dynamics
4782	27339233	Business & Information Systems Engineering
4783	2734324842	bioRxiv
4785	2734381524	Logic Journal of the IGPL
4806	2734814886	Digital Scholarship in the Humanities
4813	2735156331	Journal of Cybersecurity
4865	2736465063	Journal of Imaging
4873	2736633529	Journal of Sensor and Actuator Networks
4882	2736789760	International Journal of Serious Games
4886	2736858385	EAI Endorsed Transactions on Pervasive Health and Technology
4892	2736968195	Heritage Science
4905	2737240468	International Journal of Engineering Pedagogy (iJEP)
4915	2737427234	Science Advances
4925	2737558550	Royal Society Open Science
4950	2737838425	EAI Endorsed Transactions on Security and Safety
4960	2737955091	Journal of Big Data
4966	2738007992	Publications
4970	2738148105	Paladyn: Journal of Behavioral Robotics
4975	2738238905	Informatics (Basel)
5042	27455496	Journal of Computational Neuroscience
5051	2752854997	Studies in health technology and informatics
5084	2754008443	European Conference on Applications of Evolutionary Computation
5101	2754048035	International Conference on Latent Variable Analysis and Signal Separation
5118	2754073462	German Conference on Pattern Recognition
5153	2754145061	European Conference on Logics in Artificial Intelligence
5164	2754178716	IEEE Transactions on Signal and Information Processing over Networks
5169	2754186610	Euro-Mediterranean Conference
5173	2754194746	International Conference on Learning and Collaboration Technologies
5195	2754228287	Conference on Innovations in Theoretical Computer Science
5198	2754238509	International Conference on Entertainment Computing
5203	2754249383	International Conference on Information Security
5213	2754275429	International Conference on Security and Privacy in Communication Systems
5217	2754283107	Conference on Biomimetic and Biohybrid Systems
5220	2754290031	International Conference on Computers Helping People with Special Needs
5225	2754306351	International Conference on Human Aspects of IT for Aged Population
5239	2754339667	International Conference on Engineering Psychology and Cognitive Ergonomics
5257	2754362256	Eurographics
5261	2754378120	International Conference on Social Robotics
5421	2754695005	IEEE Control Systems Letters
5423	2754698265	International Conference on Mobile Networks and Management
5424	2754698934	International Conference on Trust Management
5434	2754725756	International Conference on Selected areas in Cryptography
5450	2754767283	Chinese Conference on Pattern Recognition
5455	2754781246	ACM Symposium on Applied Computing
5462	2754803852	World Conference on Information Systems and Technologies
5532	2754941121	IET networks
5562	2755014101	International Conference on HCI in Business
5590	2755085522	International Conference on Information and Communication Technologies
5629	2755175125	International Conference on Cross-Cultural Design
5650	2755218236	International Conference on Functional Imaging and Modeling of Heart
5654	2755241531	IEEE International Conference on Automatic Face & Gesture Recognition
5689	2755314191	European conference on Machine Learning
5778	2755503935	International Conference on Engineering Applications of Neural Networks
5790	2755531268	Conference Towards Autonomous Robotic Systems
5815	2755582339	International Conference on Machine Vision
5871	2755724983	International Conference on Human Haptic Sensing and Touch Enabled Computer Applications
5894	2755769630	International Conference on Optoelectronics and Microelectronics
5904	2755785453	International Conference on Large-Scale Scientific Computing
5925	2755814139	European conference on Software Process Improvement
5960	2755905592	IET wireless sensor systems
5980	2755940938	SOCO-CISIS-ICEUTE
6003	2756014376	International Conference on Universal Access in Human-Computer Interaction
6021	2756046938	International Conference on Scale Space and Variational Methods in computer vision
6030	2756058035	International Symposium on Artificial Intelligence
6071	2756151189	Systems Communications
6081	2756200542	International Conference on Product Lifecycle Management
6082	2756208608	DepCoS-RELCOMEX
6106	2756259428	international conference on Medical Imaging and Augmented Reality
6155	2756351210	International Conference on Advances in Production Management Systems
6160	2756369731	International Conference on Speech and Computer
6174	2756397737	Transactions on Emerging Telecommunications Technologies
6182	2756415675	International Conference on Detection of intrusions and malware, and vulnerability assessment
6246	2756858386	Workshop on Hybrid Approaches to Translation
6268	2757049256	Leveraging Applications of Formal Methods
6271	2757131477	International Conference on Cryptology in Africa
6273	2757139483	Engineering Secure Software and Systems
6326	2757547734	International Workshop and International Workshop on Approximation, Randomization, and Combinatorial Optimization. Algorithms and Techniques
6354	2757804692	Joint Conference on Lexical and Computational Semantics
6356	2757853818	European Conference on Service-Oriented and Cloud Computing
6369	2758004393	Graph-based Methods for Natural Language Processing
6378	2758055504	Innovations in Theoretical Computer Science
6428	2758506058	International Symposium on Ambient Intelligence
6466	2758847462	High Performance Computing Symposium
6470	2758880462	Algorithmic Decision Theory
6496	2759122327	Practical Applications of Agents and Multi-Agent Systems
6504	2759168861	International Conference on Progress in Cryptology
6570	2759893951	Algorithmic Number Theory Symposium
6593	2760079786	International Workshop on Combinatorial Algorithms
6636	2760555016	Multiple Access Communications
6646	2760662195	Workshop on Statistical Machine Translation
6647	2760694600	The Cryptographers’ Track at the RSA Conference
6653	2760733716	Decision and Game Theory for Security
6674	2764346689	Swarm and evolutionary computation
6713	2764364775	electronic imaging
6734	2764374723	Information polity
6768	2764391171	Scalable Computing: Practice and Experience
6874	2764431341	ISPRS international journal of geo-information
6886	2764435486	Journal of Computer Networks and Communications
7084	2764525154	International journal of automation technology
7131	2764541633	The first computers
7157	2764553900	Journal of data science
7403	2764661160	International journal of networking and computing
7657	2764766780	Journal of green engineering
7742	2764800400	Journal of Cryptographic Engineering
7865	2764847869	IACR Cryptology ePrint Archive
7975	2764891196	Social Network Analysis and Mining
7998	2764900261	Communications in computer and information science
8058	2764922190	Journal of Computer Virology and Hacking Techniques
8079	2764929239	Image Processing On Line
8144	2764953436	Sustainable Computing: Informatics and Systems
8252	2764999920	International Journal of Machine Learning and Cybernetics
8258	2765003236	Advanced electronic materials
8289	2765013998	Computational methods in applied mathematics
8360	2765036865	Journal of Robotics, Networking and Artificial Life
8482	27769002	Operations Research Letters
8488	27924493	Sigspatial Special
8492	28082686	International Journal of Automation and Computing
8495	28176437	International Journal of Modeling, Simulation, and Scientific Computing
8511	28822639	Computational Management Science
8534	2898150413	Visual Informatics
8536	2898166392	International Conference Industrial, Engineering & Other Applications Applied Intelligent Systems
8556	2898215259	International Conference Information Processing
8579	2898296047	International Conference Theory and Practice Digital Libraries
8581	2898298566	Robotics Education
8584	2898299116	Online Social Networks and Media
8596	2898324166	IEEE/ACM International Conference Utility and Cloud Computing
8603	2898349943	NASA Formal Methods Symposium
8619	2898385977	Privacy Forum
8626	2898404022	International Conference Agreement Technologies
8627	2898405271	IFAC-PapersOnLine
8632	2898415891	International Conference Information Security Theory and Practice
8638	2898447035	International Workshop Security Proofs for Embedded Systems
8652	2898509050	Digital Applications in Archaeology and Cultural Heritage
8658	2898550049	Journal of Innovation in Digital Ecosystems
8660	2898559085	International Workshop Constructive Side-Channel Analysis and Secure Design
8670	2898587229	Language, Data and Knowledge
8688	2911293512	SIAM/ASA Journal on Uncertainty Quantification
8689	2911348314	The Journal of Open Source Software
8691	2911503828	Forum of Mathematics, Pi
8697	2912241403	Nature Machine Intelligence
8734	2939117604	Journal of Combinatorial Theory, Series B
8748	2973677	International Journal of Satellite Communications and Networking
8755	2996807011	SIAM Journal on Applied Algebra and Geometry
8759	30128005	Journal of Network and Computer Applications
8764	30338973	Universal Access in The Information Society
8765	30371981	International Journal of Simulation and Process Modelling
8778	30698027	IEEE Transactions on Knowledge and Data Engineering
8784	30880287	Studia Logica
8785	30889260	Iet Signal Processing
8798	31619775	Applied Ontology
8802	31905469	International Journal of Sensor Networks
8807	32114090	Mathematics and Computers in Simulation
8812	32326811	The Journal of Supercomputing
8813	3237509	ACM Crossroads Student Magazine
8825	32898093	Journal of Neural Engineering
8836	33323087	Management Science
8837	33368595	International Journal of Approximate Reasoning
8840	33451491	Journal of Graph Algorithms and Applications
8861	3444786	Neuroinformatics
8865	34838331	Future Internet
8869	34881539	IEEE Transactions on Automation Science and Engineering
8876	35093870	Journal of Approximation Theory
8881	35412551	Physical Review E
8886	35593046	Computing
8891	35920007	EURASIP Journal on Advances in Signal Processing
8894	36029991	IEEE/ACM Transactions on Computational Biology and Bioinformatics
8895	36033921	Journal of Intelligent Information Systems
8913	36874608	Elektrotechnik Und Informationstechnik
8918	36980176	Computational and Mathematical Methods in Medicine
8922	37151855	Journal of Medical Systems
8927	37320504	Industrial Management and Data Systems
8931	37538908	IEEE Transactions on Very Large Scale Integration Systems
8934	37707677	Computer Languages, Systems & Structures
8939	37879656	Journal of Systems and Software
8941	38090728	Signal Processing-image Communication
8948	38448739	Electronic Journal of Combinatorics
8949	3845260	Formal Methods in System Design
8955	38677346	Evolutionary Computation
8957	38703467	ACM Transactions on Modeling and Computer Simulation
8961	3880285	Science
8963	38883057	Information & Management
8968	38993383	IEEE Transactions on Haptics
8969	39012697	Fundamenta Informaticae
8976	39243548	Computational Optimization and Applications
8985	39612629	Communications in Nonlinear Science and Numerical Simulation
8995	40006715	Computer Methods in Applied Mechanics and Engineering
9019	4121042	Spatial Cognition and Computation
9026	41449414	ACM Transactions on Programming Languages and Systems
9028	414566	Pattern Recognition
9033	41523882	ACM Transactions on Knowledge Discovery From Data
9041	42080949	IEEE Transactions on Neural Networks
9046	42167783	IEEE Journal of Selected Topics in Signal Processing
9047	42286584	Journal of Complexity
9055	42468263	Artificial Intelligence in Medicine
9076	43295729	Remote Sensing
9081	43349511	Production Engineering
9086	4357572	Multiscale Modeling & Simulation
9098	44278595	Computers in Biology and Medicine
9108	44643521	The Computer Journal
9120	45003570	Performance Evaluation
9122	4502562	IEEE Transactions on Information Theory
9135	45497385	Pattern Analysis and Applications
9142	45693802	Neurocomputing
9155	46300952	Medical & Biological Engineering & Computing
9163	46746144	Contexts
9168	47057106	Journal of Logic and Computation
9173	47380182	Mechatronics
9181	47930974	Genetic Programming and Evolvable Machines
9198	48659482	Optical Switching and Networking
9209	49302835	Nonlinear Analysis: Hybrid Systems
9222	49967189	Wireless Personal Communications
9226	50071195	Operating Systems Review
9237	50368787	Electronic Notes in Theoretical Computer Science
9238	50372074	Applied Mathematics and Computation
9241	50631486	Journal of Knowledge Management
9253	51318427	Journal of Formalized Reasoning
9255	51360982	Automatica
9275	52395412	Bioinformatics
9277	5240358	IEEE Transactions on Biomedical Engineering
9278	52430896	Journal of Optimization Theory and Applications
9296	53142634	International Journal of Medical Informatics
9314	5405189	Autonomous Agents and Multi-Agent Systems
9322	5437875	Statistics and Computing
9323	54444094	International Journal of Optics
9332	54761077	Annual Reviews in Control
9345	55152591	Information Visualization
9349	55310782	Journal of Computing in Higher Education
9362	55826652	Mathematics of Operations Research
9370	56271844	Information Systems and E-business Management
9374	56603566	Systems & Control Letters
9382	57050787	Advances in Computational Mathematics
9386	57195646	Informatica (lithuanian Academy of Sciences)
9389	5743915	Journal of Computer Assisted Learning
9396	57667410	Annals of Operations Research
9399	57947533	Computer Science
9400	57950554	International Journal of Intelligent Systems
9402	58031724	IEEE Transactions on Industrial Electronics
9403	58069681	IEEE Transactions on Medical Imaging
9404	58126648	Personal and Ubiquitous Computing
9406	5820498	Eurasip Journal on Information Security
9416	58852226	Iet Information Security
9436	59604973	IEEE Transactions on Smart Grid
9437	5962179	Acta Cybernetica
9439	59667848	Random Structures and Algorithms
9440	59670734	Theory and Practice of Logic Programming
9441	59697426	IEEE Micro
9445	5986019	Database
9448	59933527	Information & Computation
9452	60030702	Transactions of the American Mathematical Society
9456	60115552	Computers, Environment and Urban Systems
9460	60324941	Numerical Linear Algebra With Applications
9471	60606485	International Journal of High Performance Computing Applications
9472	60635053	Language and Linguistics Compass
9476	60779006	Computers in Industry
9486	61310614	IEEE Transactions on Information Forensics and Security
9490	61446325	Computación Y Sistemas
9497	61604500	Physica A-statistical Mechanics and Its Applications
9500	61699894	Computers & Geosciences
9507	61861333	Space
9515	62148650	Machine Learning
9519	62238642	IEEE ACM Transactions on Networking
9521	62275304	Journal of Digital Imaging
9522	6236348	Computing and Informatics / Computers and Artificial Intelligence
9543	63392143	Computer Networks
9545	63459445	IEEE Transactions on Wireless Communications
9558	64117906	Digital Signal Processing
9559	64175637	Journal of Theoretical Politics
9561	64187185	Nature Communications
9563	64245694	Software and Systems Modeling
9565	64417657	International Journal of Distributed Sensor Networks
9572	64621741	Journal of Computer-aided Molecular Design
9588	6552842	Games
9607	66221708	Journal of Mathematical Imaging and Vision
9617	67072002	Journal of Network and Systems Management
9618	67081940	Digital Investigation
9624	6725529	IEEE Software
9640	67831204	Computer Graphics Forum
9670	69141925	IEEE Transactions on Mobile Computing
9705	70478294	The Journal of Logic and Algebraic Programming
9740	71913804	Interactions
9753	72366220	Combinatorica
9754	72372694	Computational Intelligence and Neuroscience
9768	72873717	IEEE MultiMedia
9770	7291079	Combinatorics, Probability & Computing
9773	73012565	Datenbank-spektrum
9778	73121659	Computer Science Review
9788	73404582	IEEE Design & Test of Computers
9792	73484101	The International Journal of Robotics Research
9795	73535193	Computers & Mathematics With Applications
9810	74141806	Siam Journal on Mathematical Analysis
9820	74726891	Applied Intelligence
9838	75534514	Constraints - An International Journal
9839	7560371	Information Fusion
9842	7571225	Applied Mathematics Letters
9848	76152103	IEEE Transactions on Systems, Man, and Cybernetics
9852	76380146	Eurasip Journal on Embedded Systems
9870	77020770	International Journal of E-business Research
9876	77200987	Siam Journal on Applied Mathematics
9904	78224298	Journal of Computational Geometry
9916	78735424	Cognitive Science
9922	79244937	Journal of Physics A
9925	79460864	Information Retrieval
9944	80113298	Journal of the Association for Information Science and Technology
9951	80299757	IEEE Transactions on Biomedical Circuits and Systems
9962	81011612	International Journal of Bifurcation and Chaos
9977	81521204	Journal of Mathematical Sociology
9978	815301	Renewable Energy
9981	81616010	Designs, Codes and Cryptography
9986	81770430	Knowledge and Information Systems
9987	81770601	Journal of Visualization and Computer Animation
10012	82675988	Eurasip Journal on Wireless Communications and Networking
10034	8351582	IEEE Transactions on Software Engineering
10038	83624231	Software Testing, Verification & Reliability
10039	83637746	IEEE Journal of Solid-state Circuits
10052	8427965	Biomedical Signal Processing and Control
10056	84409260	Biodata Mining
10057	84409463	Acta Informatica
10060	84614559	ACM Sigbed Review
10066	84775595	IEEE Transactions on Visualization and Computer Graphics
10079	85375271	International Journal of Parallel, Emergent and Distributed Systems
10080	85427048	Iet Communications
10081	85498321	Design Automation for Embedded Systems
10094	859791518	Transactions in Gis
10096	86033158	PLOS Computational Biology
10124	87067389	ACM Transactions on Information Systems
10133	87357125	Biological Cybernetics
10157	88061139	International Journal of Control
10181	89276529	ACM Transactions on Computer-Human Interaction
10182	89324355	Algorithmica
10193	897311980	Siam Journal on Control and Optimization
10196	89818526	Praxis Der Wirtschaftsinformatik
10201	900972176	Engineering Applications of Artificial Intelligence
10202	90108747	International Journal on Document Analysis and Recognition
10206	90199469	Annals of Mathematics and Artificial Intelligence
10207	902237881	Electronic Notes in Discrete Mathematics
10215	90422530	IEEE Journal on Selected Areas in Communications
10216	90466346	Interactive Learning Environments
10222	90727058	Theoretical Computer Science
10231	91252481	Computer Speech & Language
10235	91329792	Journal of Intelligent and Robotic Systems
10242	91767247	Briefings in Bioinformatics
10245	91852382	Science in China Series F: Information Sciences
10252	92132303	International Journal of Circuit Theory and Applications
10253	92163612	Robotica
10256	92260147	Information Systems Journal
10259	92363890	BMC Systems Biology
10262	925225069	Finite Fields and Their Applications
10267	92819544	Quantum Information Processing
10268	928796702	Siam Journal on Optimization
10276	931548824	Online Information Review
10288	93689439	Datenschutz Und Datensicherheit
10289	93787993	IEEE Transactions on Evolutionary Computation
10294	93916849	IEEE Transactions on Circuits and Systems Ii-express Briefs
10299	94044085	Games and Economic Behavior
10326	94821547	Computers & Graphics
10328	94901319	Journal of Spatial Information Science
10335	95203059	Nano Communication Networks
10336	95210917	Machine Translation
10343	95522064	Medical Physics
10356	95999327	IEEE Systems Journal
10361	961603	Social Work
10364	96198239	ACM Journal on Emerging Technologies in Computing Systems
10367	96254641	Cognitive Systems Research
10379	96609033	Artificial Intelligence and Law
10381	96696709	Journal of Location Based Services
10383	96783963	Journal of Sensors
10393	97130795	IEEE Transactions on Parallel and Distributed Systems
10414	97833917	ACM Transactions on Internet Technology
10424	98183460	IEEE Transactions on Neural Systems and Rehabilitation Engineering
10434	985303	Technometrics
10441	988029680	IEEE Transactions on Computational Intelligence and AI in Games
10442	98831239	Microelectronics Journal
10443	98855836	IEEE Vehicular Technology Magazine
10456	99347777	BioSystems
10460	99517592	Philosophical Transactions of the Royal Society A
10472	99781599	Journal of Automated Reasoning
